Language_ID,Feature_ID,IPA,Value
Dutch,all,ɑlə,5
Swedish,all,alː,5
English,all,ɔːl,5
German,all,al,5
Spanish,all,entero,2
Danish,all,æˀl,5
Bulgarian,all,vsiʧki,3
Greek,all,kaθe,7
Romanian,all,tot,6
Russian,all,fsʲe,3
Polish,all,fʃɨsʦɨ,3
Norwegian,all,ɑlə,5
French,all,tu,6
Czech,all,fʃɪxnʲɪ,3
Icelandic,all,at͡lir,5
Italian,all,intɛro,2
Hindi,all,səb,4
Portuguese,all,todu,6
Spanish,all,toðo,6
Romanian,all,ɨntreg,2
French,all,ɑ̃tje,2
Italian,all,tutto,6
Hindi,all,saːraː,1
Dutch,ashes,ɑs,10
Swedish,ashes,asːka,10
English,ashes,æʃ,10
German,ashes,aʃə,10
Spanish,ashes,θeniθa,12
Danish,ashes,asg,10
Bulgarian,ashes,pɛpɛl,8
Greek,ashes,staxti,14
Armenian,ashes,moχiɾ,9
Romanian,ashes,ʧenuʃə,12
Russian,ashes,zɐla,11
Polish,ashes,pɔpʲuw,8
Norwegian,ashes,ɑsk,?
French,ashes,sɑ̃dʁ,12
Czech,ashes,popɛl,8
Icelandic,ashes,aska,10
Italian,ashes,ʧenere,12
Hindi,ashes,raːkʰ,13
Portuguese,ashes,sĩzɐ,12
Russian,ashes,pʲepɪlʲ,8
Dutch,bark,bɑst,19
Swedish,bark,barːk,15
English,bark,bɑːrk,?
German,bark,rɪndə,20
Spanish,bark,koɾteθa,18
Danish,bark,bɑːg,15
Bulgarian,bark,kora,23
Greek,bark,flios,16
Armenian,bark,kɛʁɛv,22
Romanian,bark,skwarʦə,23
Russian,bark,kɐra,23
Polish,bark,kɔra,23
Norwegian,bark,bɑɾk,?
French,bark,ekɔʁs,23
Czech,bark,kuːra,23
Icelandic,bark,bœrkʏr,15
Italian,bark,korteʧʧa,18
Hindi,bark,ʧʰaːl,21
Portuguese,bark,kaʃkɐ,17
Dutch,belly,bœyk,27
Swedish,belly,maːge,32
English,belly,bɛlɪ,28
German,belly,baux,27
Spanish,belly,bjentre,26
Danish,belly,ɔnʌliwˀ,34
Bulgarian,belly,korɛm,?
Greek,belly,ciʎa,24
Romanian,belly,pənteʦe,33
Russian,belly,ʒɨvot,31
Polish,belly,bʒux,35
Norwegian,belly,mɑːgə,32
French,belly,vɑ̃tʁ,26
Czech,belly,brɪxo,35
Icelandic,belly,kʰvɪːðʏr,36
Italian,belly,panʧa,33
Hindi,belly,peːʈ,?
Portuguese,belly,vẽtrə,26
Swedish,belly,buk,27
Danish,belly,mæːvə,32
Norwegian,belly,bʉːk,27
Italian,belly,vɛntre,26
Portuguese,belly,bɐʀigɐ,29
Dutch,big,xroːt,46
Swedish,big,stoːr,43
English,big,bɪɡ,40
German,big,ɡroːs,46
Spanish,big,ɡɾande,47
Danish,big,sdoˀʁ,43
Bulgarian,big,golʲam,38
Greek,big,meɣalos,37
Armenian,big,mɛʦ,37
Romanian,big,mare,42
Russian,big,bɐlʲʃoj,44
Polish,big,vʲɛlki,41
Norwegian,big,stuːɾ,?
French,big,ɡʁã,47
Czech,big,vɛlkiː,41
Icelandic,big,stouːr,43
Italian,big,ɡrande,47
Hindi,big,bəɽaː,39
Portuguese,big,grɐ̃də,47
English,big,ɡreɪt,46
Polish,big,duʒɨ,45
Icelandic,big,mɪːcɪt͡l,37
Dutch,bird,voːɣəl,51
Swedish,bird,foːgel,51
English,bird,bɜːrd,53
German,bird,foːɡəl,51
Spanish,bird,paxaro,48
Danish,bird,fuˀl,51
Bulgarian,bird,ptiʦə,51
Greek,bird,puli,?
Armenian,bird,tʰərʧʰun,48
Romanian,bird,pasəre,48
Russian,bird,ptʲiʦə,51
Polish,bird,ptak,51
Norwegian,bird,fʉːl,51
French,bird,wazo,52
Czech,bird,ptaːk,51
Icelandic,bird,fʏkl,51
Italian,bird,uʧːɛllo,52
Hindi,bird,ʧɪɽɪyaː,?
Portuguese,bird,avə,52
Spanish,bird,ave,52
Portuguese,bird,pasɐru,48
Dutch,bite (V),bɛɪtə,54
Swedish,bite (V),biːta,54
English,bite (V),baɪt,54
German,bite (V),baisən,54
Spanish,bite (V),moɾðeɾ,56
Danish,bite (V),biːðə,54
Bulgarian,bite (V),xəpa,58
Greek,bite (V),ðaŋɡono,59
Armenian,bite (V),kəʦɛl,57
Romanian,bite (V),muʃka,56
Russian,bite (V),kusatʲ,57
Polish,bite (V),ssaʨ,57
Norwegian,bite (V),biːtə,54
French,bite (V),mɔʁdʁ,56
Czech,bite (V),kowsat,57
Icelandic,bite (V),piːta,54
Italian,bite (V),mɔrdere,56
Hindi,bite (V),kaːʈnaː,55
Portuguese,bite (V),murder,56
Dutch,black,zʋɑrt,60
Swedish,black,svartː,60
English,black,blæk,61
German,black,ʃvart͡s,60
Spanish,black,neɣɾo,63
Danish,black,sɒːd,60
Bulgarian,black,ʧɛrɛn,66
Greek,black,mavros,64
Armenian,black,sɛv,62
Romanian,black,neɡru,63
Russian,black,ʧornɨj,66
Polish,black,ʧarnɨ,66
Norwegian,black,sɔʈ,60
French,black,nwaʁ,63
Czech,black,ʧɛrniː,66
Icelandic,black,svar̥tʏr,60
Italian,black,nero,63
Hindi,black,kaːlaː,65
Portuguese,black,pretu,67
Dutch,blood,bluːt,71
Swedish,blood,bloːd,71
English,blood,blʌd,71
German,blood,bluːt,71
Spanish,blood,saŋɡɾe,69
Danish,blood,bloˀð,71
Bulgarian,blood,krɤf,68
Greek,blood,ema,70
Armenian,blood,ɑɾɪun,69
Romanian,blood,sɨnʤe,69
Russian,blood,krofʲ,68
Polish,blood,krɛf,68
Norwegian,blood,bluː,71
French,blood,sɑ̃,69
Czech,blood,krɛf,68
Icelandic,blood,plouːθ,71
Italian,blood,saŋɡwe,69
Portuguese,blood,sɐ̃gə,69
Dutch,bone,beːn,76
Swedish,bone,beːn,76
English,bone,bəʊn,76
German,bone,knɔxən,77
Spanish,bone,weso,73
Danish,bone,beˀn,76
Bulgarian,bone,kɔst,75
Greek,bone,kokalo,?
Armenian,bone,voskoɾ,73
Romanian,bone,os,73
Russian,bone,kosʲtʲ,75
Polish,bone,kɔɕʨ,75
Norwegian,bone,beːn,76
French,bone,ɔs,73
Czech,bone,kost,75
Icelandic,bone,peiːn,76
Italian,bone,ɔsso,73
Hindi,bone,həɖɖiː,74
Portuguese,bone,osu,73
Dutch,breast,bɔrst,79
Swedish,breast,brøst,79
English,breast,brɛst,79
German,breast,brʊst,79
Spanish,breast,seno,78
Danish,breast,bʁœsd,79
Bulgarian,breast,ɡrɤt,83
Greek,breast,stiθos,78
Armenian,breast,kuɾʦkʰ,83
Romanian,breast,pjept,82
Russian,breast,ɡrutʲ,83
Polish,breast,pʲɛrɕ,80
Norwegian,breast,bɾyst,?
French,breast,pwatʁin,82
Czech,breast,pr̩sa,80
Icelandic,breast,b̥rjousd̥,79
Italian,breast,seno,78
Hindi,breast,ʧaːtiː,81
Portuguese,breast,pɐjtu,82
Spanish,breast,peʧo,82
Romanian,breast,sɨn,78
French,breast,sɛ̃,78
Italian,breast,pɛtto,82
Portuguese,breast,sɐju,78
Dutch,burn (V),brɑndə,89
Swedish,burn (V),brɛnːa,89
English,burn (V),bɜːrn,89
German,burn (V),brɛnən,89
Spanish,burn (V),kemaɾ,90
Danish,burn (V),bʁanə,89
Bulgarian,burn (V),ɡɔra,84
Greek,burn (V),ceo,87
Armenian,burn (V),ɑɪɾvɛl,85
Romanian,burn (V),arde,88
Russian,burn (V),ʒetʲ,91
Polish,burn (V),paliʨ,92
Norwegian,burn (V),bɾenə,89
French,burn (V),bʁyle,93
Czech,burn (V),paːlit,92
Icelandic,burn (V),b̥rɛtna,89
Italian,burn (V),bruʧːare,93
Hindi,burn (V),ʤəlnaː,86
Portuguese,burn (V),kɐjmar,90
Dutch,claw,naːɣəl,94
Swedish,claw,naːgel,94
English,claw,neɪl,94
German,claw,naːɡəl,94
Spanish,claw,uɲa,94
Danish,claw,nɑjˀl,94
Bulgarian,claw,nɔkət,94
Greek,claw,niçi,94
Armenian,claw,jɛʁung,94
Romanian,claw,ungje,94
Russian,claw,noɡətʲ,94
Polish,claw,paznɔkʲɛʨ,94
Norwegian,claw,næjl,94
French,claw,ɔ̃ɡl,94
Czech,claw,nɛɦɛt,94
Icelandic,claw,nakl,94
Italian,claw,unɡja,94
Hindi,claw,naːkʰ,94
Portuguese,claw,uɲɐ,94
Dutch,cloud,ʋɔlk,102
Swedish,cloud,ɧyː,96
English,cloud,klaʊd,101
German,cloud,vɔlkə,102
Spanish,cloud,nuβe,100
Danish,cloud,sgyˀ,96
Bulgarian,cloud,ɔblək,103
Greek,cloud,sinefo,98
Armenian,cloud,ɑmp,99
Romanian,cloud,nor,100
Russian,cloud,obləkə,103
Polish,cloud,ɔbwɔk,103
Norwegian,cloud,ʃyː,?
French,cloud,nɥaj,100
Czech,cloud,oblak,103
Icelandic,cloud,sciː,96
Italian,cloud,nuvola,100
Hindi,cloud,baːdəl,95
Portuguese,cloud,nuvɐ̃j,100
Swedish,cloud,moːln,97
Dutch,cold,kɑut,105
Swedish,cold,kalː,105
English,cold,kəʊld,105
German,cold,kalt,105
Spanish,cold,fri.o,107
Danish,cold,kʌlˀ,105
Bulgarian,cold,studɛn,111
Greek,cold,p͡sixros,109
Romanian,cold,reʧe,108
Russian,cold,xɐlodnɨj,106
Polish,cold,xwɔdnɨ,106
Norwegian,cold,kɑl,?
French,cold,fʁwa,107
Czech,cold,xladniː,106
Icelandic,cold,kʰaltʏr,105
Italian,cold,freddo,107
Hindi,cold,ʈʰəɳɖaː,104
Portuguese,cold,friw,107
Romanian,cold,frig,107
Polish,cold,ʑimnɨ,110
Czech,cold,stʊdɛniː,111
Dutch,come (V),aːŋkoːmə,115
Swedish,come (V),komːa,115
English,come (V),kʌm,115
German,come (V),kɔmən,115
Spanish,come (V),beniɾ,115
Danish,come (V),kʌmə,115
Bulgarian,come (V),idvam,116
Greek,come (V),erxome,117
Armenian,come (V),gɑl,113
Romanian,come (V),veni,115
Russian,come (V),prʲɪjtʲi,116
Polish,come (V),pʃɨjɕʨ,116
Norwegian,come (V),kɔmə,115
French,come (V),vəniʁ,115
Czech,come (V),prɪjiːt,116
Icelandic,come (V),kʰɔːma,115
Italian,come (V),venire,115
Hindi,come (V),aːnaː,112
Portuguese,come (V),vir,115
Russian,come (V),prʲɪxɐdʲitʲ,114
Polish,come (V),pʃɨxɔʥiʨ,114
Dutch,die (V),stɛrvə,118
Swedish,die (V),dø,119
English,die (V),daɪ,?
German,die (V),ʃtɛrbən,118
Spanish,die (V),moɾiɾ,121
Danish,die (V),døˀ,119
Bulgarian,die (V),umrɤ,121
Greek,die (V),peθeno,120
Armenian,die (V),mɛrnɛl,121
Romanian,die (V),muri,121
Russian,die (V),umʲɪrʲetʲ,121
Polish,die (V),umʲɛraʨ,121
Norwegian,die (V),døː,119
French,die (V),muʁiʁ,121
Czech,die (V),ʊmiːrat,121
Icelandic,die (V),teiːja,119
Italian,die (V),morire,121
Hindi,die (V),mərnaː,121
Portuguese,die (V),muʀer,121
Dutch,dog,hɔnt,123
Swedish,dog,hunːd,123
English,dog,dɔɡ,129
German,dog,hʊnt,123
Spanish,dog,pero,?
Danish,dog,hunˀ,123
Bulgarian,dog,kuʧɛ,125
Greek,dog,scilos,127
Armenian,dog,ʃun,123
Romanian,dog,kɨjne,124
Russian,dog,sɐbakə,126
Polish,dog,pʲɛs,128
Norwegian,dog,hʉn,?
French,dog,ʃjɛ̃,124
Czech,dog,pɛs,128
Icelandic,dog,hʏntʏr,123
Italian,dog,kane,124
Hindi,dog,kʊttaː,130
Portuguese,dog,kɐ̃uː,124
Russian,dog,pʲos,128
Dutch,drink (V),drɪŋkə,133
Swedish,drink (V),drikːa,133
English,drink (V),drɪŋk,133
German,drink (V),trɪŋkən,133
Spanish,drink (V),beβeɾ,132
Danish,drink (V),dʁɛgə,133
Bulgarian,drink (V),pijə,132
Greek,drink (V),pino,132
Armenian,drink (V),χəmɛl,131
Romanian,drink (V),be.a,132
Russian,drink (V),pʲitʲ,132
Polish,drink (V),piʨ,132
Norwegian,drink (V),dɾikə,?
French,drink (V),bwɑʁ,132
Czech,drink (V),piːt,132
Icelandic,drink (V),trɛʰka,133
Italian,drink (V),bere,132
Hindi,drink (V),piːnaː,132
Portuguese,drink (V),bəber,132
Dutch,dry,droːx,134
Swedish,dry,torː,135
English,dry,draɪ,134
German,dry,trɔkən,134
Spanish,dry,seko,137
Danish,dry,tɶˀʁ,135
Bulgarian,dry,sux,138
Greek,dry,k͡seros,139
Romanian,dry,sek,137
Russian,dry,suxoj,138
Polish,dry,suxɨ,138
Norwegian,dry,tœɾ,135
French,dry,sɛk,137
Czech,dry,sʊxiː,138
Icelandic,dry,θʏrː,135
Italian,dry,sekko,137
Hindi,dry,suːkʰaː,138
Portuguese,dry,seku,137
Romanian,dry,uskat,136
Italian,dry,aʃʃutto,136
Portuguese,dry,ẽʃutu,136
Dutch,ear,oːr,141
Swedish,ear,øːra,141
English,ear,ɪər,141
German,ear,oːr,141
Spanish,ear,oɾexa,141
Danish,ear,øːʌ,141
Bulgarian,ear,uxɔ,141
Greek,ear,afti,141
Armenian,ear,ɑkɑnʤ,141
Romanian,ear,ureke,141
Russian,ear,uxə,141
Polish,ear,uxɔ,141
Norwegian,ear,øːɾə,141
French,ear,ɔʁɛj,141
Czech,ear,ʊxo,141
Icelandic,ear,eiːra,141
Italian,ear,ɔrekkjo,141
Hindi,ear,kaːn,140
Portuguese,ear,oreʎɐ,141
Dutch,earth,aːrdə,146
Swedish,earth,joːrd,146
English,earth,ɜːrθ,146
German,earth,eːrdə,146
Spanish,earth,tjera,144
Danish,earth,joˀʁ,146
Bulgarian,earth,zɛmʲə,145
Greek,earth,ʝi,142
Armenian,earth,hoʁ,146
Romanian,earth,pəmɨnt,147
Russian,earth,zʲɪmlʲa,145
Polish,earth,ʑɛmʲa,145
Norwegian,earth,juːɾ,?
French,earth,tɛʁ,144
Czech,earth,zɛmʲɛ,145
Icelandic,earth,jœrð,146
Italian,earth,tɛrra,144
Hindi,earth,dʱərtiː,143
Portuguese,earth,tɛʀɐ,144
Dutch,eat (V),eːtə,150
Swedish,eat (V),ɛːta,150
English,eat (V),iːt,150
German,eat (V),ɛsən,150
Spanish,eat (V),komeɾ,150
Danish,eat (V),sbiːsə,?
Bulgarian,eat (V),jam,150
Greek,eat (V),troɣo,153
Armenian,eat (V),utɛl,150
Romanian,eat (V),mɨnka,148
Russian,eat (V),jesʲtʲ,150
Polish,eat (V),jɛɕʨ,150
Norwegian,eat (V),spiːsə,?
French,eat (V),mɑ̃ʒe,148
Czech,eat (V),jiːst,150
Icelandic,eat (V),pɔrða,152
Italian,eat (V),manʤare,148
Hindi,eat (V),kʰaːnaː,151
Portuguese,eat (V),kumer,150
Dutch,egg,ɛɪ,154
Swedish,egg,egː,154
English,egg,ɛɡ,154
German,egg,ai,154
Spanish,egg,weβo,154
Danish,egg,ɛˀg,154
Bulgarian,egg,jəiʦɛ,154
Greek,egg,avɣo,154
Armenian,egg,ʣu,155
Romanian,egg,ow,154
Russian,egg,jɪjʦo,154
Polish,egg,jajkɔ,154
Norwegian,egg,eg,154
French,egg,œf,154
Czech,egg,vɛjʦɛ,154
Icelandic,egg,ɛkː,154
Italian,egg,wɔvo,154
Hindi,egg,ə̃ɳɖaː,156
Portuguese,egg,ovu,154
Dutch,eye,oːx,158
Swedish,eye,øːga,158
English,eye,aɪ,158
German,eye,auɡə,158
Spanish,eye,oxo,158
Danish,eye,ʌjə,158
Bulgarian,eye,okɔ,158
Greek,eye,mati,158
Armenian,eye,ɑʧʰkʰ,158
Romanian,eye,oki,158
Russian,eye,ɡlas,157
Polish,eye,ɔkɔ,158
Norwegian,eye,œjə,158
French,eye,œj,158
Czech,eye,oko,158
Icelandic,eye,øyːɣa,158
Italian,eye,ɔkkjo,158
Hindi,eye,ãːkʰ,158
Portuguese,eye,oʎu,158
Dutch,fat,vɛt,166
Swedish,fat,fɛt,166
English,fat,fæt,166
German,fat,fɛt,?
Spanish,fat,ɡɾasa,160
Danish,fat,fed,166
Bulgarian,fat,məznina,164
Greek,fat,lipos,168
Armenian,fat,ʧɑɾp,?
Romanian,fat,grəsime,160
Russian,fat,ʒɨr,165
Polish,fat,twuʃʧ,167
Norwegian,fat,fet,?
French,fat,ɡʁɛs,160
Czech,fat,tʊk,162
Icelandic,fat,fɪːta,166
Italian,fat,ɡrasso,160
Hindi,fat,ʧərbiː,?
Portuguese,fat,gurdurɐ,163
Spanish,fat,ɡoɾðo,163
Czech,fat,saːdlo,159
Dutch,feather,veːr,170
Swedish,feather,fjɛːder,170
English,feather,fɛðər,170
German,feather,feːdər,170
Spanish,feather,pluma,172
Danish,feather,fjeðˀʌ,170
Bulgarian,feather,pɛrɔ,174
Greek,feather,ftero,170
Armenian,feather,pʰɛtuɾ,?
Romanian,feather,panə,170
Russian,feather,pʲɪro,174
Polish,feather,pʲurɔ,174
Norwegian,feather,fjæːɾ,170
French,feather,plym,172
Czech,feather,pɛːro,174
Icelandic,feather,fjœːðʏr,170
Italian,feather,pjuma,172
Hindi,feather,pə̃ŋkʰ,173
Portuguese,feather,penɐ,170
Italian,feather,pɛnna,170
Dutch,fire,vyːr,181
Swedish,fire,elːd,176
English,fire,faɪər,181
German,fire,fɔyər,181
Spanish,fire,fweɣo,179
Danish,fire,ilˀ,176
Bulgarian,fire,ɔɡən,178
Greek,fire,fotça,175
Armenian,fire,kəɾɑk,180
Romanian,fire,fok,179
Russian,fire,ɐɡonʲ,178
Polish,fire,ɔɡʲɛnʲ,178
Norwegian,fire,ʋɑɾmə,177
French,fire,fø,179
Czech,fire,oɦɛnʲ,178
Icelandic,fire,ɛltʏr,176
Italian,fire,fwɔko,179
Hindi,fire,aːg,178
Portuguese,fire,fogu,179
Norwegian,fire,il,176
Dutch,fish,vɪs,182
Swedish,fish,fisːk,182
English,fish,fɪʃ,182
German,fish,fɪʃ,182
Spanish,fish,peskaðo,182
Danish,fish,fesg,182
Bulgarian,fish,ribə,184
Greek,fish,p͡sari,185
Armenian,fish,ʣuk,183
Romanian,fish,peʃte,182
Russian,fish,rɨbə,184
Polish,fish,rɨba,184
Norwegian,fish,fisk,182
French,fish,pwasõ,182
Czech,fish,rɪba,184
Icelandic,fish,fɪskʏr,182
Italian,fish,peʃʃe,182
Hindi,fish,məʧliː,186
Portuguese,fish,pɐjʃə,182
Dutch,fly (V),vliːɣə,190
Swedish,fly (V),flʉga,190
English,fly (V),flaɪ,190
German,fly (V),fliːɡən,190
Spanish,fly (V),bolaɾ,187
Danish,fly (V),flyːvə,190
Bulgarian,fly (V),lɛtʲə,188
Greek,fly (V),peto,191
Armenian,fly (V),tʰərʧʰɛl,191
Romanian,fly (V),zbura,187
Russian,fly (V),lʲɪtʲetʲ,188
Polish,fly (V),lataʨ,188
Norwegian,fly (V),flyː,190
French,fly (V),vɔle,187
Czech,fly (V),lɛːtat,188
Icelandic,fly (V),fljuːa,190
Italian,fly (V),volare,187
Hindi,fly (V),ʊɽnaː,189
Portuguese,fly (V),vwar,187
Dutch,foot,vuːt,194
Swedish,foot,foːt,194
English,foot,fʊt,194
German,foot,fuːs,194
Spanish,foot,pje,194
Danish,foot,foˀð,194
Bulgarian,foot,krak,193
Greek,foot,poði,194
Armenian,foot,votkʰ,194
Romanian,foot,piʧjor,194
Russian,foot,nɐɡa,192
Polish,foot,nɔɡa,192
Norwegian,foot,fuːt,194
French,foot,pje,194
Czech,foot,noɦa,192
Icelandic,foot,fouːtʏr,194
Italian,foot,pjɛde,194
Hindi,foot,pɛːr,194
Portuguese,foot,pɛ,194
Dutch,full,vɔl,196
Swedish,full,fulː,196
English,full,fʊl,196
German,full,fɔl,196
Spanish,full,ʎeno,196
Danish,full,fulˀ,196
Bulgarian,full,pɤlɛn,196
Greek,full,ʝematos,195
Armenian,full,likʰə,196
Romanian,full,plin,196
Russian,full,polnɨj,196
Polish,full,pɛwnɨ,196
Norwegian,full,fʉl,196
French,full,plɛ̃,196
Czech,full,pl̩niː,196
Icelandic,full,fʏt͡lʏr,196
Italian,full,pjɛno,196
Hindi,full,puːraː,196
Portuguese,full,ʃɐju,196
Dutch,give (V),xeːvə,197
Swedish,give (V),jiːva,197
English,give (V),ɡɪv,197
German,give (V),ɡeːbən,197
Spanish,give (V),daɾ,198
Danish,give (V),giˀ,197
Bulgarian,give (V),davəm,198
Greek,give (V),ðino,198
Armenian,give (V),tɑl,198
Romanian,give (V),da,198
Russian,give (V),datʲ,198
Polish,give (V),davaʨ,198
Norwegian,give (V),jiː,197
French,give (V),dɔne,198
Czech,give (V),daːt,198
Icelandic,give (V),cɛːva,197
Italian,give (V),dare,198
Hindi,give (V),deːnaː,198
Portuguese,give (V),dar,198
Dutch,good,xuːt,205
Swedish,good,guːd,205
English,good,ɡʊd,205
German,good,ɡuːt,205
Spanish,good,bweno,200
Danish,good,goˀ,205
Bulgarian,good,dobɤr,204
Greek,good,kalos,199
Armenian,good,lɑv,202
Romanian,good,bun,200
Russian,good,xɐroʃɨj,201
Polish,good,dɔbrɨ,204
Norwegian,good,guː,205
French,good,bɔ̃,200
Czech,good,dobriː,204
Icelandic,good,kouːðʏr,205
Italian,good,bwɔno,200
Hindi,good,əʧʧʰaː,203
Portuguese,good,bõ,200
Dutch,green,xruːn,209
Swedish,green,grøːn,209
English,green,ɡriːn,209
German,green,ɡryːn,209
Spanish,green,beɾðe,208
Danish,green,gʁɶnˀ,209
Bulgarian,green,zɛlɛn,207
Greek,green,prasinos,210
Armenian,green,kɑnɑʧʰ,?
Romanian,green,verde,208
Russian,green,zʲɪlʲonɨj,207
Polish,green,ʑɛlɔnɨ,207
Norwegian,green,gɾœn,209
French,green,vɛʁ,208
Czech,green,zɛlɛniː,207
Icelandic,green,krait͡n,209
Italian,green,verde,208
Hindi,green,ɦəraː,207
Portuguese,green,verdə,208
Dutch,hair,haːr,217
Swedish,hair,hoːr,217
English,hair,hɛər,217
German,hair,haːr,217
Spanish,hair,kaβeʎo,216
Danish,hair,hɒˀ,217
Bulgarian,hair,kɔsəm,215
Greek,hair,trixa,214
Armenian,hair,mɑz,?
Romanian,hair,pər,213
Russian,hair,voləsɨ,212
Polish,hair,vwɔsɨ,212
Norwegian,hair,hoːɾ,217
French,hair,ʃəvø,216
Czech,hair,vlasɪ,212
Icelandic,hair,hauːr,217
Italian,hair,kapello,216
Hindi,hair,baːl,212
Portuguese,hair,kɐbelu,216
Dutch,hand,hɑnt,218
Swedish,hand,hanːd,218
English,hand,hænd,218
German,hand,hant,218
Spanish,hand,mano,221
Danish,hand,hʌnˀ,218
Bulgarian,hand,rəka,220
Greek,hand,çeri,219
Armenian,hand,ʣɛrkʰ,219
Romanian,hand,mɨnə,221
Russian,hand,ruka,220
Polish,hand,rɛ̃ka,220
Norwegian,hand,hɔn,?
French,hand,mɛ̃,221
Czech,hand,rʊka,220
Icelandic,hand,hœnt,218
Italian,hand,mano,221
Hindi,hand,haːtʰ,219
Portuguese,hand,mɐ̃w,221
Dutch,head,hoːft,223
Swedish,head,huːvud,223
English,head,hɛd,223
German,head,kɔp͡f,?
Spanish,head,kaβeθa,227
Danish,head,hoːəð,223
Bulgarian,head,ɡləva,228
Greek,head,cefali,225
Armenian,head,gəluχ,228
Romanian,head,kap,227
Russian,head,ɡəlɐva,228
Polish,head,ɡwɔva,228
Norwegian,head,huːdə,223
French,head,tɛt,222
Czech,head,ɦlava,228
Icelandic,head,hœvʏð,223
Italian,head,tɛsta,222
Hindi,head,sər,226
Portuguese,head,kɐbesɐ,227
Dutch,hear (V),hoːrə,230
Swedish,hear (V),høːra,230
English,hear (V),hɪər,230
German,hear (V),høːrən,230
Spanish,hear (V),o.ir,229
Danish,hear (V),høːʌ,230
Bulgarian,hear (V),ʧuvəm,230
Greek,hear (V),akuo,230
Armenian,hear (V),ləsɛl,231
Romanian,hear (V),awzi,229
Russian,hear (V),sluʃatʲ,231
Polish,hear (V),swɨʃɛʨ,231
Norwegian,hear (V),høːɾə,230
French,hear (V),ɑ̃tɑ̃dʁ,232
Czech,hear (V),slɪʃɛt,231
Icelandic,hear (V),heiːra,230
Italian,hear (V),udire,229
Hindi,hear (V),sʊnnaː,231
Portuguese,hear (V),ovir,229
Dutch,heart,hɑrt,235
Swedish,heart,jɛrta,235
English,heart,hɑːrt,235
German,heart,hɛrt͡s,235
Spanish,heart,koraθon,235
Danish,heart,jæʁdə,235
Bulgarian,heart,sərʦɛ,235
Greek,heart,karðʝa,235
Armenian,heart,siɾt,235
Romanian,heart,inimə,234
Russian,heart,sʲɛrʦə,235
Polish,heart,sɛrʦɛ,235
Norwegian,heart,jæʈə,?
French,heart,kœʁ,235
Czech,heart,sr̩ʦɛ,235
Icelandic,heart,çar̥ta,235
Italian,heart,kwɔre,235
Hindi,heart,dɪl,?
Portuguese,heart,kurɐsõ,235
Dutch,horn,hoːrn,238
Swedish,horn,hoːrn,238
English,horn,hɔːrn,238
German,horn,hɔrn,238
Spanish,horn,kweɾno,238
Danish,horn,hoʁˀn,238
Bulgarian,horn,rok,237
Greek,horn,cerato,238
Armenian,horn,poz,?
Romanian,horn,korn,238
Russian,horn,rok,237
Polish,horn,ruk,237
Norwegian,horn,huːɳ,238
French,horn,kɔʁn,238
Czech,horn,rox,237
Icelandic,horn,hɔrt͡n,238
Italian,horn,kɔrno,238
Hindi,horn,sĩːg,238
Portuguese,horn,kornu,238
Dutch,I,ɪk,240
Swedish,I,jaːg,240
English,I,aɪ,240
German,I,ɪx,240
Spanish,I,ʝo,240
Danish,I,jɑj,240
Bulgarian,I,as,240
Greek,I,eɣo,240
Armenian,I,jɛs,240
Romanian,I,jo,240
Russian,I,ja,240
Polish,I,ja,240
Norwegian,I,jæj,240
French,I,ʒə,240
Czech,I,jaː,240
Icelandic,I,jɛɣ,240
Italian,I,io,240
Hindi,I,mɛ̃ː,239
Portuguese,I,ew,240
Dutch,kill (V),doːdə,242
Swedish,kill (V),døːda,242
English,kill (V),kɪl,245
German,kill (V),tøːtən,242
Spanish,kill (V),mataɾ,249
Danish,kill (V),dʁɛːbə,248
Bulgarian,kill (V),ubivəm,246
Greek,kill (V),skotono,244
Armenian,kill (V),spɑnɛl,241
Romanian,kill (V),uʧide,250
Russian,kill (V),ubʲitʲ,246
Polish,kill (V),zabijaʨ,246
Norwegian,kill (V),dɾeːpə,248
French,kill (V),tɥe,243
Czech,kill (V),zabiːjɛt,246
Icelandic,kill (V),trɛːpa,248
Italian,kill (V),uʧːidere,250
Hindi,kill (V),maːrnaː,247
Portuguese,kill (V),mɐtar,249
Swedish,kill (V),drɛpa,248
Dutch,knee,kniː,254
Swedish,knee,knɛː,254
English,knee,niː,254
German,knee,kniː,254
Spanish,knee,roðiʎa,251
Danish,knee,knɛˀ,254
Bulgarian,knee,kolʲano,252
Greek,knee,ɣonato,254
Armenian,knee,ʦunk,254
Romanian,knee,ʤenunkʲ,254
Russian,knee,kɐlʲenə,252
Polish,knee,kɔlanɔ,252
Norwegian,knee,kneː,254
French,knee,ʒənu,254
Czech,knee,kolɛno,252
Icelandic,knee,kʰniɛː,254
Italian,knee,ʤinɔkkjo,254
Hindi,knee,gʱʊʈnaː,?
Portuguese,knee,ʒuɐʎu,254
Dutch,know (V),ʋeːtə,256
Swedish,know (V),ɕɛnna,257
English,know (V),nəʊ,257
German,know (V),vɪsən,256
Spanish,know (V),konoθer,257
Danish,know (V),viːðə,256
Bulgarian,know (V),znajə,257
Greek,know (V),k͡sero,258
Armenian,know (V),gitɛnɑl,256
Romanian,know (V),ʃti,259
Russian,know (V),znatʲ,257
Polish,know (V),znaʨ,257
Norwegian,know (V),ʋiːtə,256
French,know (V),savwaʁ,255
Czech,know (V),znaːt,257
Icelandic,know (V),vɪːta,256
Italian,know (V),konoʃʃere,257
Hindi,know (V),ʤaːnnaː,257
Portuguese,know (V),kuɲəser,257
Dutch,know (V),kɛnə,257
Swedish,know (V),veta,256
German,know (V),kɛnən,257
Spanish,know (V),saβeɾ,255
Danish,know (V),kɛnə,257
Greek,know (V),ɣnorizo,257
Romanian,know (V),kunwaʃte,257
Polish,know (V),vʲɛʥɛʨ,256
Norwegian,know (V),çenə,257
French,know (V),kɔnɛtʁ,257
Czech,know (V),vʲɛdʲɛt,256
Italian,know (V),sapere,255
Portuguese,know (V),sɐber,255
Dutch,leaf,blɑt,262
Swedish,leaf,blad,262
English,leaf,liːf,264
German,leaf,blat,262
Spanish,leaf,oxa,262
Danish,leaf,blað,262
Bulgarian,leaf,list,263
Greek,leaf,filo,262
Armenian,leaf,tɛɾɛv,260
Romanian,leaf,fwaje,262
Russian,leaf,lʲist,263
Polish,leaf,liɕʨ,263
Norwegian,leaf,blɑː,?
French,leaf,fœj,262
Czech,leaf,lɪst,263
Icelandic,leaf,plaːð,262
Italian,leaf,fɔʎʎa,262
Hindi,leaf,pəttaː,261
Portuguese,leaf,foʎɐ,262
Swedish,leaf,blad,262
Norwegian,leaf,løːʋ,264
Icelandic,leaf,løyːv,264
Dutch,lie (V),lɪɣə,269
Swedish,lie (V),ligːa,269
English,lie (V),laɪ,269
German,lie (V),liːɡən,269
Spanish,lie (V),kostaðo,270
Danish,lie (V),legə,269
Bulgarian,lie (V),lɛʒə,269
Armenian,lie (V),pɑrkɛl,?
Romanian,lie (V),kulka,265
Russian,lie (V),lʲɪʒatʲ,269
Polish,lie (V),lɛʒɛʨ,269
Norwegian,lie (V),ligə,269
French,lie (V),kuʃe,265
Czech,lie (V),lɛʒɛt,269
Icelandic,lie (V),lɪcːa,269
Italian,lie (V),ʤaʧere,268
Hindi,lie (V),leʈnaː,267
Portuguese,lie (V),dɐjtar,268
Dutch,liver,leːvər,273
Swedish,liver,leːver,273
English,liver,lɪvər,273
German,liver,leːbər,273
Spanish,liver,iɣaðo,271
Danish,liver,lewˀʌ,273
Bulgarian,liver,drop,275
Greek,liver,sikoti,?
Armenian,liver,lɪɑrtʰ,273
Romanian,liver,fikat,271
Russian,liver,pʲeʧʲɪnʲ,278
Polish,liver,vɔ̃trɔba,277
Norwegian,liver,leʋəɾ,?
French,liver,fwɑ,271
Czech,liver,jaːtra,272
Icelandic,liver,lɪːvʏr,273
Italian,liver,feɡato,271
Hindi,liver,kəleːʤaː,276
Portuguese,liver,figɐdu,271
Dutch,long,lɑŋ,281
Swedish,long,loŋː,281
English,long,lɔŋ,281
German,long,laŋ,281
Spanish,long,laɾɣo,283
Danish,long,lɑŋˀ,281
Bulgarian,long,dɤlək,281
Greek,long,makris,282
Armenian,long,jɛɾkɑɾ,280
Romanian,long,luŋ,281
Russian,long,dlʲinnɨj,281
Polish,long,dwuɡi,281
Norwegian,long,lɑŋ,281
French,long,lõ,281
Czech,long,dlowɦiː,281
Icelandic,long,laŋkʏr,281
Italian,long,lunɡo,281
Hindi,long,ləmbaː,279
Portuguese,long,lõgu,281
Dutch,louse,lœys,286
Swedish,louse,luːs,286
English,louse,laʊs,286
German,louse,laus,286
Spanish,louse,pjoxo,288
Danish,louse,luˀs,286
Bulgarian,louse,vɤʃkə,284
Greek,louse,p͡sira,285
Armenian,louse,voʧʰil,287
Romanian,louse,pəduke,288
Russian,louse,voʃ,284
Polish,louse,vɛʃ,284
Norwegian,louse,lʉːs,286
French,louse,pu,288
Czech,louse,vɛʃ,284
Icelandic,louse,luːs,286
Italian,louse,pidɔkkjo,288
Hindi,louse,ʤuː,284
Portuguese,louse,pi.oʎu,288
Dutch,man,mɑn,293
Swedish,man,manː,293
English,man,mæn,293
German,man,man,293
Danish,man,manˀ,293
Bulgarian,man,mɤʃ,293
Greek,man,anðras,292
Romanian,man,bərbat,289
Russian,man,muʃʃinə,293
Polish,man,mɛ̃ʃʧɨzna,293
Norwegian,man,mɑn,293
Czech,man,mʊʃ,293
Icelandic,man,maːðʏr,293
Hindi,man,mərd,?
Portuguese,man,ɔmɐ̃,291
Romanian,man,om,291
Dutch,many,veːl,302
Swedish,many,mʏkɛt,295
English,many,mɛnɪ,296
German,many,fiːl,302
Spanish,many,muʧo,294
Danish,many,mɑŋən,296
Bulgarian,many,mnɔgo,296
Greek,many,poliariθmos,302
Armenian,many,ʃɑt,?
Romanian,many,mulʦʲ,294
Russian,many,mnoɡə,296
Polish,many,vʲɛlɛ,297
Norwegian,many,mɑŋə,296
French,many,boku,301
Czech,many,mnoɦo,296
Icelandic,many,mɪːcɪð,295
Italian,many,molto,294
Hindi,many,bəhʊt,299
Portuguese,many,mũj̃tu,294
Swedish,many,moŋːa,296
English,many,mʌʧ,295
Polish,many,duʒɔ,300
Norwegian,many,meːgət,295
Dutch,meat,vleːs,303
Swedish,meat,ɕøtː,309
English,meat,miːt,305
German,meat,flaiʃ,303
Spanish,meat,kaɾne,306
Danish,meat,køð,309
Bulgarian,meat,mɛsɔ,307
Greek,meat,kreas,304
Armenian,meat,mis,307
Romanian,meat,karne,306
Russian,meat,mʲasə,307
Polish,meat,mʲɛ̃sɔ,307
Norwegian,meat,çœt,309
French,meat,ʃɛʁ,306
Czech,meat,maso,307
Icelandic,meat,kʰjœːt,309
Italian,meat,karne,306
Hindi,meat,goːʃt,?
Portuguese,meat,karnə,306
French,meat,vjɑ̃d,308
Dutch,moon,maːn,315
Swedish,moon,moːne,315
English,moon,muːn,315
German,moon,moːnt,315
Spanish,moon,luna,311
Danish,moon,mɔːnə,315
Bulgarian,moon,luna,311
Greek,moon,selini,?
Armenian,moon,lusin,311
Romanian,moon,lunə,311
Russian,moon,luna,311
Polish,moon,kɕɛ̃ʒɨʦ,?
Norwegian,moon,mɑːnə,315
French,moon,lyn,311
Czech,moon,mʲɛsiːʦ,315
Icelandic,moon,tʰuŋl,313
Italian,moon,luna,311
Hindi,moon,ʧãd,314
Portuguese,moon,luɐ,311
Icelandic,moon,mauːnɪ,315
Dutch,mountain,bɛrx,317
Swedish,mountain,bɛrːj,317
English,mountain,maʊntɪn,?
German,mountain,bɛrk,317
Spanish,mountain,montaɲa,323
Danish,mountain,bjæʁˀw,317
Bulgarian,mountain,plənina,322
Greek,mountain,oros,321
Armenian,mountain,sɑɾ,320
Romanian,mountain,munte,323
Russian,mountain,ɡɐra,324
Polish,mountain,ɡura,324
Norwegian,mountain,fjel,318
French,mountain,mɔ̃taɲ,323
Czech,mountain,ɦora,324
Icelandic,mountain,fjat͡l,318
Italian,mountain,montaɲɲa,323
Hindi,mountain,pəɦaːɽ,318
Portuguese,mountain,mõtə,323
Danish,mountain,fjɛlˀ,318
Czech,mountain,vr̩x,325
Dutch,mouth,mɔnt,328
Swedish,mouth,munː,328
English,mouth,maʊð,328
German,mouth,mʊnt,328
Spanish,mouth,boka,327
Danish,mouth,mɔnˀ,328
Bulgarian,mouth,usta,329
Greek,mouth,stoma,330
Armenian,mouth,bɛɾɑn,333
Romanian,mouth,gurə,326
Russian,mouth,rot,332
Polish,mouth,usta,329
Norwegian,mouth,mʉn,328
French,mouth,buʃ,327
Czech,mouth,uːsta,329
Icelandic,mouth,mʏnːʏr,328
Italian,mouth,bokka,327
Hindi,mouth,mʊ̃ɦ,331
Portuguese,mouth,bokɐ,327
Dutch,name,naːm,334
Swedish,name,namːn,334
English,name,neɪm,334
German,name,naːmə,334
Spanish,name,nombɾe,334
Danish,name,nɑwˀn,334
Bulgarian,name,imɛ,334
Greek,name,onoma,334
Armenian,name,ɑnun,334
Romanian,name,nume,334
Russian,name,imʲə,334
Polish,name,imʲɛ̃,334
Norwegian,name,nɑʋn,?
French,name,nɔ̃,334
Czech,name,jmɛːno,334
Icelandic,name,napn,334
Italian,name,nome,334
Hindi,name,naːm,334
Portuguese,name,nomə,334
Dutch,neck,hɑls,339
Swedish,neck,halːs,339
English,neck,nɛk,342
German,neck,hals,339
Spanish,neck,kweʎo,339
Danish,neck,halˀs,339
Bulgarian,neck,ʃijə,340
Armenian,neck,viz,341
Romanian,neck,gɨt,?
Russian,neck,ʃejə,340
Polish,neck,ʃɨja,340
Norwegian,neck,hɑls,339
French,neck,ku,339
Czech,neck,kr̩k,335
Icelandic,neck,hauls,339
Italian,neck,kɔllo,339
Hindi,neck,gəlaː,336
Portuguese,neck,kɔlu,339
Dutch,neck,nɛk,342
Bulgarian,neck,vrat,337
Dutch,new,niːʋ,343
Swedish,new,nyː,343
English,new,njuː,343
German,new,nɔy,343
Spanish,new,nweβo,343
Danish,new,nyˀ,343
Bulgarian,new,nɔf,343
Greek,new,neos,343
Armenian,new,noɾ,343
Romanian,new,now,343
Russian,new,novɨj,343
Polish,new,nɔvɨ,343
Norwegian,new,nyː,343
French,new,nœf,343
Czech,new,noviː,343
Icelandic,new,niːr,343
Italian,new,nwɔvo,343
Hindi,new,nəjaː,343
Portuguese,new,novu,343
Dutch,night,nɑxt,346
Swedish,night,natː,346
English,night,naɪt,346
German,night,naxt,346
Spanish,night,noʧe,346
Danish,night,nad,346
Bulgarian,night,nɔʃt,346
Greek,night,nixta,346
Armenian,night,giʃɛɾ,344
Romanian,night,nwapte,346
Russian,night,noʧ,346
Polish,night,nɔʦ,346
Norwegian,night,nɑt,346
French,night,nɥi,346
Czech,night,noʦ,346
Icelandic,night,nouʰt,346
Italian,night,nɔtte,346
Hindi,night,raːt,345
Portuguese,night,nojtə,346
Dutch,nose,nœːs,350
Swedish,nose,nɛːsa,350
English,nose,nəʊz,350
German,nose,naːzə,350
Spanish,nose,naɾiθ,350
Danish,nose,nɛːsə,350
Bulgarian,nose,nɔs,350
Greek,nose,miti,348
Armenian,nose,kʰitʰ,?
Romanian,nose,nas,350
Russian,nose,nos,350
Polish,nose,nɔs,350
Norwegian,nose,neːsə,350
French,nose,ne,350
Czech,nose,nos,350
Icelandic,nose,nɛːv,347
Italian,nose,naso,350
Hindi,nose,naːk,350
Portuguese,nose,nɐriʃ,350
Dutch,not,niːt,352
Swedish,not,ikːe,353
English,not,nɔt,352
German,not,nɪxt,352
Spanish,not,no,352
Danish,not,egə,353
Bulgarian,not,nɛ,352
Armenian,not,voʧʰ,351
Romanian,not,nu,352
Russian,not,nʲɛ,352
Polish,not,nʲɛ,352
Norwegian,not,ikə,353
French,not,nə,352
Czech,not,nɛ,352
Icelandic,not,ɛʰcɪ,353
Italian,not,non,352
Hindi,not,naɦĩ,352
Portuguese,not,nɐ̃w,352
Dutch,one,eːn,354
Swedish,one,en,354
English,one,ʋʌn,354
German,one,ain,354
Spanish,one,uno,354
Danish,one,eˀn,354
Bulgarian,one,ɛdnɔ,354
Greek,one,ena,355
Armenian,one,mɛk,355
Romanian,one,unu,354
Russian,one,ɐdʲin,354
Polish,one,jɛdɛn,354
Norwegian,one,eːn,354
French,one,œ̃,354
Czech,one,jɛdɛn,354
Icelandic,one,eit͡n,354
Italian,one,uno,354
Hindi,one,eːk,354
Portuguese,one,ũ,354
Dutch,person,mɛns,361
Swedish,person,mɛniʃa,361
English,person,mæn,361
German,person,mɛnʃ,361
Spanish,person,ombɾe,357
Danish,person,mɛnəsgə,361
Bulgarian,person,ʧovɛk,360
Greek,person,anθropos,358
Armenian,person,mɑɾtʰ,?
Romanian,person,om,357
Russian,person,ʧʲɪlɐvʲɛk,360
Polish,person,ʧwɔvʲɛk,360
Norwegian,person,menəskə,361
French,person,ɔm,357
Czech,person,ʧlovʲɛk,360
Icelandic,person,maːðʏr,361
Italian,person,wɔmo,357
Hindi,person,aːdmiː,?
Portuguese,person,ɔmɐ̃,357
Dutch,rain (V),reːɣə,362
Swedish,rain (V),reŋːn,362
English,rain (V),reɪn,362
German,rain (V),reːɡən,362
Spanish,rain (V),ʎuβja,363
Danish,rain (V),ʁɑjˀn,362
Bulgarian,rain (V),dɤʃt,365
Greek,rain (V),vroçi,366
Armenian,rain (V),ɑnʣɾɛv,364
Romanian,rain (V),plwaje,363
Russian,rain (V),doʃtʲ,365
Polish,rain (V),dɛʃʧ,365
Norwegian,rain (V),ɾæjnə,362
French,rain (V),plɥi,363
Czech,rain (V),dɛːʃtʲ,365
Icelandic,rain (V),rɛkn,362
Italian,rain (V),pjɔʤːa,363
Portuguese,rain (V),ʃuvɐ,363
Dutch,red,roːt,368
Swedish,red,røːd,368
English,red,rɛd,368
German,red,roːt,368
Spanish,red,roxo,368
Danish,red,ʁœðˀ,368
Bulgarian,red,ʧɛrvɛn,367
Greek,red,kocinos,?
Armenian,red,kɑɾmiɾ,?
Romanian,red,roʃu,?
Russian,red,krasnɨj,370
Polish,red,ʧɛrvɔnɨ,367
French,red,ʁuj,368
Czech,red,ʧɛrvɛniː,367
Icelandic,red,røyːðʏr,368
Italian,red,rosso,368
Hindi,red,laːl,368
Portuguese,red,vərmeʎu,371
Dutch,road,ʋɛx,376
Swedish,road,vɛːg,376
English,road,rəʊd,381
German,road,veːk,376
Spanish,road,bia,380
Danish,road,vɑjˀ,376
Bulgarian,road,pɤt,375
Greek,road,ðromos,374
Armenian,road,ʧɑmpʰɑ,?
Romanian,road,kale,378
Russian,road,dɐroɡə,373
Polish,road,drɔɡa,373
French,road,ʃɛmɛ̃,?
Czech,road,ʦɛsta,383
Icelandic,road,vekʏr,376
Italian,road,strada,379
Hindi,road,səɽək,384
Portuguese,road,əʃtradɐ,379
English,road,ʋeɪ,376
Italian,road,via,380
Portuguese,road,viɐ,380
Dutch,root,ʋɔrtəl,386
Swedish,root,roːt,386
English,root,ruːt,386
German,root,vʊrt͡səl,386
Spanish,root,ra.iθ,386
Danish,root,ʁoˀð,386
Bulgarian,root,kɔrɛn,385
Greek,root,oðos,388
Armenian,root,ɑɾmɑt,387
Romanian,root,rədəʧinə,386
Russian,root,korʲɪnʲ,385
Polish,root,kɔʒɛɲ,385
French,root,ʁasin,386
Czech,root,korɛn,385
Icelandic,root,rouːt,386
Italian,root,radiʧe,386
Hindi,root,ʤəɽ,389
Portuguese,root,ʀɐ.iʃ,386
Greek,root,riza,386
Dutch,round,rɔnt,?
Swedish,round,runːd,?
English,round,raʊnd,?
German,round,rʊnt,?
Spanish,round,reðondo,390
Danish,round,ʁɔnˀ,?
Bulgarian,round,krɤgəl,391
Greek,round,stroɲɟilos,393
Armenian,round,kəloɾ,394
Romanian,round,rotund,390
Russian,round,kruɡlɨj,391
Polish,round,ɔkrɔ̃ɡwɨ,391
French,round,ʁɔ̃,390
Czech,round,okrowɦliː,391
Icelandic,round,kʰriŋlouʰtʏr,395
Italian,round,rotondo,390
Hindi,round,gol,396
Portuguese,round,ʀədõdu,390
Dutch,sand,zɑnt,398
Swedish,sand,sanːd,398
English,sand,sænd,398
German,sand,zant,398
Spanish,sand,aɾena,402
Danish,sand,sanˀ,398
Bulgarian,sand,pʲasək,400
Greek,sand,amos,398
Armenian,sand,ɑvɑz,397
Romanian,sand,nisip,?
Russian,sand,pʲɪsok,400
Polish,sand,pʲasɛk,400
French,sand,sabl,397
Czech,sand,piːsɛk,400
Icelandic,sand,santʏr,398
Italian,sand,sabbja,397
Hindi,sand,ret,403
Portuguese,sand,ɐrɐjɐ,402
Hindi,sand,baːluː,399
Dutch,say (V),zɛɣə,405
Swedish,say (V),sɛja,405
English,say (V),seɪ,405
German,say (V),zaːɡən,405
Spanish,say (V),deθiɾ,408
Danish,say (V),siː,405
Bulgarian,say (V),kaʒə,409
Greek,say (V),leɣo,410
Armenian,say (V),ɑsɛl,406
Romanian,say (V),ziʧe,408
Russian,say (V),skɐzatʲ,409
Polish,say (V),pɔvʲɛʥɛʨ,407
Norwegian,say (V),siː,405
French,say (V),diʁ,408
Czech,say (V),riːkat,412
Icelandic,say (V),seiːja,405
Italian,say (V),dire,408
Hindi,say (V),kəɦnaː,411
Portuguese,say (V),dizer,408
Hindi,say (V),boːlnaː,404
Dutch,see (V),ziːn,414
Swedish,see (V),seː,414
English,see (V),siː,414
German,see (V),zeːən,414
Spanish,see (V),beɾ,413
Danish,see (V),seˀ,414
Bulgarian,see (V),viʒdəm,413
Greek,see (V),vlepo,415
Armenian,see (V),tɛsnɛl,416
Romanian,see (V),vedea,413
Russian,see (V),vʲidʲɪtʲ,413
Polish,see (V),viʥɛʨ,413
Norwegian,see (V),seː,414
French,see (V),vwaʁ,413
Czech,see (V),vɪdʲɛt,413
Icelandic,see (V),sjauː,414
Italian,see (V),vedere,413
Hindi,see (V),deːkʰnaː,417
Portuguese,see (V),ver,413
Dutch,seed,zaːt,421
Swedish,seed,frøː,420
English,seed,siːd,421
German,seed,zaːmən,421
Spanish,seed,semiʎa,421
Danish,seed,fʁœˀ,420
Bulgarian,seed,sɛmɛ,421
Greek,seed,sporos,423
Armenian,seed,seɾm,?
Romanian,seed,səmɨnʦə,421
Russian,seed,sʲemʲə,421
Polish,seed,ɕɛmʲɛ̃,421
Norwegian,seed,fɾøː,420
French,seed,semɑ̃s,421
Czech,seed,sɛmɛno,421
Icelandic,seed,fraiː,420
Italian,seed,seme,421
Hindi,seed,biːʤ,418
Portuguese,seed,səmẽtə,421
French,seed,ɡʁɛn,422
Dutch,sit (V),zɪtə,424
Swedish,sit (V),sitːa,424
English,sit (V),sɪt,424
German,sit (V),zɪt͡sən,424
Spanish,sit (V),sentaðo,424
Danish,sit (V),seðə,424
Bulgarian,sit (V),sɛdʲɤ,424
Greek,sit (V),kaθome,426
Armenian,sit (V),nəstɛl,424
Romanian,sit (V),ʃedea,424
Russian,sit (V),sʲɪdʲetʲ,424
Polish,sit (V),ɕɛʥɛʨ,424
Norwegian,sit (V),sitə,424
French,sit (V),ɛtʁasi,424
Czech,sit (V),sɛdʲɛt,424
Icelandic,sit (V),sɪːtja,424
Italian,sit (V),sedere,424
Hindi,sit (V),bɛːʈʰnaː,425
Portuguese,sit (V),sẽtar,424
Dutch,skin,vɛl,427
Swedish,skin,ɧinː,433
English,skin,skɪn,?
German,skin,haut,432
Spanish,skin,pjel,427
Danish,skin,huðˀ,432
Bulgarian,skin,kɔʒə,429
Greek,skin,ðerma,428
Armenian,skin,mɑʃk,?
Romanian,skin,pjele,427
Russian,skin,koʒə,429
Polish,skin,skura,430
Norwegian,skin,hʉːd,432
French,skin,po,427
Czech,skin,kuːʒɛ,429
Icelandic,skin,huːð,432
Italian,skin,pɛlle,427
Hindi,skin,ʧəməɽiː,430
Portuguese,skin,pɛlə,427
Dutch,skin,hœyt,432
Swedish,skin,huːd,432
Icelandic,skin,scɪnː,433
Portuguese,skin,koru,430
Dutch,sleep (V),slaːpə,436
Swedish,sleep (V),soːva,435
English,sleep (V),sliːp,436
German,sleep (V),ʃlaːfən,436
Spanish,sleep (V),doɾmiɾ,437
Danish,sleep (V),sɒwə,435
Bulgarian,sleep (V),spa,435
Greek,sleep (V),cimume,434
Armenian,sleep (V),kʰənɛl,435
Romanian,sleep (V),dormi,437
Russian,sleep (V),spatʲ,435
Polish,sleep (V),spaʨ,435
Norwegian,sleep (V),soːʋə,435
French,sleep (V),dɔʁmiʁ,437
Czech,sleep (V),spaːt,435
Icelandic,sleep (V),sɔːva,435
Italian,sleep (V),dormire,437
Hindi,sleep (V),sɔːnaː,435
Portuguese,sleep (V),durmir,437
Dutch,small,klɛɪn,445
Swedish,small,liːten,439
English,small,smɔːl,441
German,small,klain,445
Spanish,small,pekeɲo,440
Danish,small,lilə,439
Bulgarian,small,malək,441
Greek,small,mikros,438
Armenian,small,pʰokʰəɾ,440
Romanian,small,mik,?
Russian,small,malʲɪnʲkʲɪj,441
Polish,small,mawɨ,441
Norwegian,small,liːtən,439
French,small,pəti,442
Czech,small,maliː,441
Icelandic,small,liːtɪt͡l,439
Italian,small,pikkolo,440
Hindi,small,ʧɔːʈaː,443
Portuguese,small,pəkenu,440
Swedish,small,smoː,441
English,small,lɪtḷ,439
Danish,small,liːðən,439
Icelandic,small,smauːr,441
Dutch,smoke,roːk,449
Swedish,smoke,røk,449
English,smoke,sməʊk,448
German,smoke,raux,449
Spanish,smoke,umo,446
Danish,smoke,ʁʌjˀ,449
Bulgarian,smoke,dim,446
Greek,smoke,kapnos,447
Romanian,smoke,fum,446
Russian,smoke,dɨm,446
Polish,smoke,dɨm,446
Norwegian,smoke,ɾœjk,449
French,smoke,fyme,446
Czech,smoke,diːm,446
Icelandic,smoke,reiːkʏr,449
Italian,smoke,fumo,446
Hindi,smoke,dʱʊãː,446
Portuguese,smoke,fumu,446
Dutch,stand (V),staːn,451
Swedish,stand (V),stoː,451
English,stand (V),stænd,451
German,stand (V),ʃteːən,451
Danish,stand (V),sdɔˀ,451
Bulgarian,stand (V),stɔjə,451
Greek,stand (V),stekome,451
Armenian,stand (V),kɑngnɛl,450
Romanian,stand (V),sta,451
Russian,stand (V),stɐjatʲ,451
Polish,stand (V),staʨ,451
Norwegian,stand (V),stoː,451
Czech,stand (V),staːt,451
Icelandic,stand (V),stanta,451
Italian,stand (V),stare,451
Hindi,stand (V),kʰaɽaː,452
Dutch,star,stɛr,454
Swedish,star,ɧɛːrna,454
English,star,stɑːr,454
German,star,ʃtɛrn,454
Spanish,star,estɾeʎa,454
Danish,star,sdjæʁnə,454
Bulgarian,star,zvɛzda,453
Greek,star,asteri,454
Armenian,star,ɑstəʁ,454
Romanian,star,stea,454
Russian,star,zvʲɪzda,453
Polish,star,ɡvʲazda,453
Norwegian,star,stjæːɳə,454
French,star,etwal,454
Czech,star,ɦvʲɛzda,453
Icelandic,star,stjart͡na,454
Italian,star,stella,454
Hindi,star,taːraː,454
Portuguese,star,əʃtrelɐ,454
Dutch,stone,steːn,458
Swedish,stone,steːn,458
English,stone,stəʊn,458
German,stone,ʃtain,458
Spanish,stone,pjeðɾa,455
Danish,stone,sdeˀn,458
Bulgarian,stone,kamək,459
Greek,stone,petra,460
Armenian,stone,kʰɑɾ,461
Romanian,stone,pjatrə,455
Russian,stone,kamʲɪnʲ,459
Polish,stone,kamʲɛɲ,459
Norwegian,stone,stæjn,458
French,stone,pjɛʁ,455
Czech,stone,kaːmɛn,459
Icelandic,stone,steit͡n,458
Italian,stone,sasso,456
Hindi,stone,pətʰːər,457
Portuguese,stone,pɛdrɐ,455
Dutch,sun,zɔn,463
Swedish,sun,soːl,463
English,sun,sʌn,463
German,sun,zɔnə,463
Spanish,sun,sol,463
Danish,sun,soˀl,463
Bulgarian,sun,slɤnʦɛ,463
Greek,sun,iʎos,463
Armenian,sun,ɑɾɛv,462
Romanian,sun,sware,463
Russian,sun,sonʦə,463
Polish,sun,swɔnʲʦɛ,463
Norwegian,sun,suːl,463
French,sun,sɔlɛj,463
Czech,sun,slʊnʦɛ,463
Icelandic,sun,souːl,463
Italian,sun,sole,463
Hindi,sun,suːrəʤ,463
Portuguese,sun,sɔl,463
Dutch,swim (V),zʋɛmə,465
Swedish,swim (V),simːa,465
English,swim (V),sʋɪm,465
German,swim (V),ʃvɪmən,465
Spanish,swim (V),naðaɾ,466
Danish,swim (V),svœmə,465
Bulgarian,swim (V),pluvəm,467
Greek,swim (V),kolimbo,469
Armenian,swim (V),loʁɑl,467
Romanian,swim (V),ɨnota,466
Russian,swim (V),plɨtʲ,467
Polish,swim (V),pwɨvaʨ,467
Norwegian,swim (V),sʋœmə,465
French,swim (V),naʒe,464
Czech,swim (V),plavat,467
Icelandic,swim (V),synta,468
Italian,swim (V),nwotare,466
Hindi,swim (V),tɛːrnaː,470
Portuguese,swim (V),nɐdar,466
Dutch,tail,staːrt,473
Swedish,tail,ɧɛrt,473
English,tail,teɪl,484
German,tail,ʃvant͡s,478
Spanish,tail,kola,471
Danish,tail,hæːlə,482
Bulgarian,tail,opaʃkə,476
Greek,tail,ura,475
Armenian,tail,poʧʰ,474
Romanian,tail,kwadə,471
Russian,tail,xvost,479
Polish,tail,ɔɡɔn,483
Norwegian,tail,hɑːlə,482
French,tail,kø,471
Czech,tail,oʦas,481
Icelandic,tail,haːlɪ,482
Italian,tail,koda,471
Hindi,tail,puːʧʰ,472
Portuguese,tail,kawdɐ,471
Spanish,tail,ravo,480
Icelandic,tail,skɔʰt,477
Portuguese,tail,ʀabu,480
Dutch,that,diː,487
Swedish,that,də,487
English,that,ðæt,487
German,that,jeːnər,489
Spanish,that,akel,486
Danish,that,de,487
Bulgarian,that,ɔnzi,485
Greek,that,ecino,486
Armenian,that,ɑɪ̯n,485
Romanian,that,aʧel,486
Russian,that,to,487
Polish,that,tamtɔ,487
Norwegian,that,deː,487
French,that,səla,486
Czech,that,tamto,487
Icelandic,that,θɛsːɪ,487
Italian,that,kwello,486
Hindi,that,və,490
Portuguese,that,ɐkelə,486
Danish,that,hiˀn,486
Icelandic,that,sauː,488
Dutch,this,deːzə,492
Swedish,this,dɛta,492
English,this,ðɪs,492
German,this,diːzər,492
Spanish,this,este,492
Danish,this,dɛnə,492
Bulgarian,this,tɔzi,492
Greek,this,afto,492
Armenian,this,ɑɪs,492
Romanian,this,aʧest,493
Russian,this,ɛtə,492
Polish,this,tɔ,492
Norwegian,this,detə,492
French,this,səsi,493
Czech,this,toto,492
Icelandic,this,θɛsːɪ,492
Italian,this,kwesto,493
Hindi,this,jə,491
Portuguese,this,əʃtə,492
Danish,this,dɛnə,492
Dutch,thou,jɛɪ,494
Swedish,thou,dʉ,495
English,thou,juː,494
German,thou,duː,495
Spanish,thou,tu,495
Danish,thou,duˀ,495
Bulgarian,thou,ti,495
Greek,thou,esi,495
Armenian,thou,du,495
Romanian,thou,tu,495
Russian,thou,tɨ,495
Polish,thou,tɨ,495
Norwegian,thou,dʉː,495
French,thou,ty,495
Czech,thou,tɪ,495
Icelandic,thou,θuː,495
Italian,thou,tu,495
Hindi,thou,tuː,495
Portuguese,thou,tu,495
Dutch,tongue,tɔŋ,496
Swedish,tongue,tuŋːa,496
English,tongue,tʌŋ,496
German,tongue,t͡sʊŋə,496
Spanish,tongue,leŋɡwa,496
Danish,tongue,tɔŋə,496
Bulgarian,tongue,ɛzik,496
Greek,tongue,ɣlosa,497
Armenian,tongue,lɛzu,496
Romanian,tongue,limbə,496
Russian,tongue,jɪzɨk,496
Polish,tongue,jɛ̃zɨk,496
Norwegian,tongue,tuŋə,496
French,tongue,lɑ̃ɡ,496
Czech,tongue,jazɪk,496
Icelandic,tongue,tʰuŋka,496
Italian,tongue,liŋɡwa,496
Hindi,tongue,ʤiːbʱ,496
Portuguese,tongue,lĩgwɐ,496
Dutch,tooth,tɑnt,499
Swedish,tooth,tanːd,499
English,tooth,tuːθ,499
German,tooth,t͡saːn,499
Spanish,tooth,djente,499
Danish,tooth,tanˀ,499
Bulgarian,tooth,zɤp,498
Greek,tooth,ðondi,499
Armenian,tooth,ɑtɑm,499
Romanian,tooth,dinte,499
Russian,tooth,zup,498
Polish,tooth,zɔ̃p,498
Norwegian,tooth,tɑn,499
French,tooth,dɑ̃,499
Czech,tooth,zʊp,498
Icelandic,tooth,tʰœnː,499
Italian,tooth,dɛnte,499
Hindi,tooth,dãt,499
Portuguese,tooth,dẽtə,499
Dutch,tree,boːm,502
Swedish,tree,trɛːd,501
English,tree,triː,501
German,tree,baum,502
Spanish,tree,arvol,506
Danish,tree,tʁɛˀ,501
Bulgarian,tree,dərvɔ,501
Greek,tree,ðenðro,501
Armenian,tree,ʦɑr,?
Romanian,tree,arbore,506
Russian,tree,dʲerʲɪvə,501
Polish,tree,dʒɛvɔ,501
Norwegian,tree,tɾeː,501
French,tree,aʁbʁ,506
Czech,tree,strom,504
Icelandic,tree,tʰrjɛː,501
Italian,tree,albero,506
Hindi,tree,peɽ,500
Portuguese,tree,arvurə,506
Icelandic,tree,vɪːðʏr,505
Dutch,two,tʋeː,507
Swedish,two,tvoː,507
English,two,tuː,507
German,two,t͡svai,507
Spanish,two,dos,507
Danish,two,toˀ,507
Bulgarian,two,dva,507
Greek,two,ðʝo,507
Armenian,two,jɛɾku,507
Romanian,two,doj,507
Russian,two,dva,507
Polish,two,dva,507
Norwegian,two,tuː,507
French,two,dø,507
Czech,two,dva,507
Icelandic,two,tʰveir,507
Italian,two,due,507
Hindi,two,doː,507
Portuguese,two,doiʃ,507
Dutch,walk (V),xaːn,509
Swedish,walk (V),goː,509
English,walk (V),ɡəʊ,509
German,walk (V),ɡeːən,509
Spanish,walk (V),andar,513
Danish,walk (V),gɔˀ,509
Bulgarian,walk (V),vɛrvʲə,515
Greek,walk (V),piʝeno,516
Romanian,walk (V),umbla,508
Russian,walk (V),ɪtʲi,514
Polish,walk (V),iɕʨ,514
Norwegian,walk (V),goː,509
French,walk (V),vɛ,510
Czech,walk (V),jiːt,514
Icelandic,walk (V),faːra,511
Italian,walk (V),vo,510
Hindi,walk (V),ʧəlnaː,514
Portuguese,walk (V),ɐ̃dar,513
Spanish,walk (V),boi,510
French,walk (V),ale,512
Italian,walk (V),andare,513
Dutch,warm,ʋɑrm,517
Swedish,warm,varːm,517
English,warm,ʋɔːrm,517
German,warm,varm,517
Spanish,warm,kaliðo,520
Danish,warm,vɑˀm,517
Bulgarian,warm,tɔpəl,519
Greek,warm,xliaros,521
Armenian,warm,tɑkʰ,522
Romanian,warm,kald,520
Russian,warm,tʲoplɨj,519
Polish,warm,ʨɛpwɨ,519
Norwegian,warm,ʋɑɾm,517
French,warm,ʃo,520
Czech,warm,tɛpliː,519
Icelandic,warm,l̥iːr,520
Italian,warm,tiepido,519
Hindi,warm,gərm,?
Portuguese,warm,kẽtə,520
Dutch,water,ʋaːtər,526
Swedish,water,vatːen,526
English,water,ʋɔːtər,526
German,water,vasər,526
Spanish,water,aɣwa,523
Danish,water,vanˀ,526
Bulgarian,water,voda,526
Greek,water,nero,524
Armenian,water,ʤuɾ,527
Romanian,water,apə,523
Russian,water,vɐda,526
Polish,water,vɔda,526
Norwegian,water,ʋɑn,526
French,water,o,523
Czech,water,voda,526
Icelandic,water,vaʰtn̥,526
Italian,water,akkwa,523
Hindi,water,paːniː,525
Portuguese,water,agwɐ,523
Dutch,we,ʋɛɪ,530
Swedish,we,viː,530
English,we,ʋiː,530
German,we,viːr,530
Spanish,we,nosotɾos,529
Danish,we,viˀ,530
Bulgarian,we,niɛ,529
Greek,we,emis,528
Armenian,we,mɛnkʰ,528
Romanian,we,noj,529
Russian,we,mɨ,528
Polish,we,mɨ,528
Norwegian,we,ʋiː,530
French,we,nu,529
Czech,we,mɪ,528
Icelandic,we,vɪːð,530
Italian,we,noi,529
Hindi,we,ɦəm,529
Portuguese,we,nɔʃ,529
Dutch,what,ʋɑt,531
Swedish,what,vɑd,531
English,what,ʋɔt,531
German,what,vas,531
Spanish,what,ke,531
Danish,what,va,531
Bulgarian,what,kakvɔ,531
Greek,what,ti,531
Romanian,what,ʧe,531
Russian,what,ʃto,531
Polish,what,ʦɔ,531
Norwegian,what,ʋɑː,531
French,what,kwa,531
Czech,what,ʦo,531
Icelandic,what,xʷaːð,531
Italian,what,ke,531
Hindi,what,kjaː,531
Portuguese,what,kə,531
Dutch,white,ʋɪt,532
Swedish,white,viːt,532
English,white,ʋaɪt,532
German,white,vais,532
Spanish,white,blaŋko,533
Danish,white,viðˀ,532
Bulgarian,white,bal,536
Greek,white,lefkos,535
Armenian,white,spitɑk,?
Romanian,white,alb,537
Russian,white,bʲelɨj,536
Polish,white,bʲawɨ,536
Norwegian,white,ʋiːt,532
French,white,blɑ̃,533
Czech,white,biːliː,536
Icelandic,white,xʷiːtʏr,532
Italian,white,bjanko,533
Portuguese,white,alvu,537
Dutch,who,ʋiː,538
Swedish,who,vem,538
English,who,huː,538
German,who,veːr,538
Spanish,who,kjen,538
Danish,who,vɛmˀ,538
Bulgarian,who,koj,538
Greek,who,opios,538
Romanian,who,ʧine,538
Russian,who,kto,538
Polish,who,ktɔ,538
Norwegian,who,ʋem,538
French,who,ki,538
Czech,who,ɡdo,538
Icelandic,who,xʷɛːr,538
Italian,who,ki,538
Hindi,who,kɔːn,538
Portuguese,who,kɐ̃j,538
Dutch,woman,vrɑuʋ,541
Swedish,woman,kvinːa,544
English,woman,ʋʊmən,543
German,woman,frau,541
Spanish,woman,muxeɾ,545
Danish,woman,kvenə,544
Bulgarian,woman,ʒɛna,544
Greek,woman,ʝineka,544
Armenian,woman,kin,544
Romanian,woman,femeje,542
Russian,woman,ʒɛnʃʃʲɪnə,544
Polish,woman,kɔbʲɛta,546
Norwegian,woman,kʋinə,544
French,woman,fam,542
Czech,woman,ʒɛna,544
Icelandic,woman,kʰɔːna,544
Italian,woman,dɔnna,540
Hindi,woman,ɔːrət,?
Portuguese,woman,muʎɛr,545
German,woman,vaip,543
Dutch,yellow,xeːl,550
Swedish,yellow,guːl,550
English,yellow,jɛləʊ,550
German,yellow,ɡɛlp,550
Spanish,yellow,amaɾiʎo,548
Danish,yellow,guˀl,550
Bulgarian,yellow,ʒɤlt,550
Greek,yellow,citrinos,?
Armenian,yellow,dɛʁin,552
Romanian,yellow,ɡalben,551
Russian,yellow,ʒoltɨj,550
Polish,yellow,ʒuwtɨ,550
Norwegian,yellow,gʉːl,550
French,yellow,ʒon,551
Czech,yellow,ʒlʊtiː,550
Icelandic,yellow,kʏːlʏr,550
Italian,yellow,ʤallo,551
Hindi,yellow,piːlaː,549
Portuguese,yellow,ɐmɐrɛlu,548
Dutch,far,vɛr,559
Swedish,far,loŋ,558
English,far,fɑːr,559
German,far,fɛrn,559
Spanish,far,lexano,555
Danish,far,fjæʁˀn,559
Bulgarian,far,dəlɛʧɛn,558
Greek,far,makran,557
Armenian,far,hɛru,553
Romanian,far,depərte,554
Russian,far,dɐlʲokʲɪj,558
Polish,far,dalɛki,558
Norwegian,far,buʈ,558
French,far,lwɛ̃,558
Czech,far,dalɛkiː,558
Icelandic,far,laŋ,558
Italian,far,lontano,558
Hindi,far,duːr,556
Portuguese,far,lõʒə,558
Swedish,far,fjɛrːan,559
Danish,far,lɑŋˀ,558
Dutch,heavy,zʋaːr,564
Swedish,heavy,svoːr,564
English,heavy,hɛvɪ,562
German,heavy,ʃveːr,564
Spanish,heavy,pesaðo,560
Danish,heavy,tɔŋˀ,563
Bulgarian,heavy,tɛʒək,563
Greek,heavy,varis,565
Romanian,heavy,grew,565
Russian,heavy,tʲɪʒolɨj,563
Polish,heavy,ʨɛ̃ʃki,563
Norwegian,heavy,tuŋ,563
French,heavy,luʁ,561
Czech,heavy,tʲɛʃkiː,563
Icelandic,heavy,θuŋkʏr,563
Italian,heavy,pesante,560
Hindi,heavy,bʱaːriː,566
Portuguese,heavy,pəzadu,560
Swedish,heavy,tuŋː,563
Danish,heavy,svɛˀʁ,564
Dutch,near,naːbɛɪ,574
Swedish,near,nɛːra,574
English,near,nɪər,574
German,near,naːə,574
Spanish,near,θerka,568
Danish,near,nɛˀʁ,574
Bulgarian,near,blizək,570
Greek,near,konda,573
Armenian,near,mot,?
Romanian,near,apropia,567
Russian,near,blʲizkʲɪj,570
Polish,near,bliskɨ,570
Norwegian,near,næːɾ,574
French,near,prɔʃ,567
Czech,near,bliːskiː,570
Icelandic,near,nauː,574
Italian,near,prossimo,567
Hindi,near,paːs,572
Portuguese,near,prɔsimu,567
Dutch,near,dɪɣdbɛɪ,569
English,near,kləʊs,?
Dutch,salt,zɑut,576
Swedish,salt,salːt,576
English,salt,sɔːlt,576
German,salt,zalt͡s,576
Spanish,salt,sal,576
Danish,salt,salˀd,576
Bulgarian,salt,sol,576
Greek,salt,alati,576
Armenian,salt,ɑʁ,576
Romanian,salt,sare,576
Russian,salt,solʲ,576
Polish,salt,sul,576
Norwegian,salt,sɑlt,576
French,salt,sɛl,576
Czech,salt,suːl,576
Icelandic,salt,sal̥t,576
Italian,salt,sale,576
Portuguese,salt,sal,576
Dutch,short,kɔrt,?
Swedish,short,kɔrt,?
English,short,ʃɔːrt,581
German,short,kʊrt͡s,?
Spanish,short,koɾto,581
Danish,short,kɒːd,?
Bulgarian,short,kratək,581
Greek,short,kondos,582
Armenian,short,kɑɾʧ,581
Romanian,short,skurt,581
Russian,short,kɐrotkʲɪj,581
Polish,short,krutki,581
Norwegian,short,kɔʈ,?
French,short,kuʁ,581
Czech,short,kraːtkiː,581
Icelandic,short,stʏʰtʏr,578
Italian,short,brɛve,577
Hindi,short,ʧʰoʈaː,579
Portuguese,short,kurtu,581
Spanish,short,breve,577
Bulgarian,short,kɤs,580
French,short,bʁɛf,577
Italian,short,korto,581
Portuguese,short,brɛvə,577
Dutch,snake,slɑŋ,585
Swedish,snake,orːm,590
English,snake,sneɪk,588
German,snake,ʃlaŋə,585
Spanish,snake,kulevra,583
Danish,snake,slɑŋə,585
Bulgarian,snake,zmija,584
Greek,snake,fiði,586
Armenian,snake,oʦʰ,586
Romanian,snake,ʃarpe,589
Russian,snake,zmʲɪja,584
Polish,snake,ʒmija,584
Norwegian,snake,ɔɾm,590
French,snake,sɛʁpɑ̃,589
Czech,snake,ɦat,591
Icelandic,snake,st͡lauŋka,585
Italian,snake,sɛrpɛnte,589
Hindi,snake,sãːp,589
Portuguese,snake,sərpẽtə,589
Spanish,snake,seɾpjente,589
Polish,snake,vɔ̃ʒ,587
Norwegian,snake,ʃlɑŋə,585
Portuguese,snake,kɔbrɐ,583
Dutch,thin,fɛɪn,?
Swedish,thin,smal,596
English,thin,θɪn,601
German,thin,dʏn,601
Spanish,thin,delɣaðo,593
Danish,thin,tønˀ,601
Bulgarian,thin,tɤnək,601
Greek,thin,leptos,597
Armenian,thin,bɑɾɑk,?
Romanian,thin,subʦire,598
Russian,thin,tonkʲɪj,601
Polish,thin,ʨɛ̃nki,601
Norwegian,thin,tyn,601
French,thin,mɛ̃s,600
Czech,thin,tɛŋkiː,601
Icelandic,thin,θʏnːʏr,601
Italian,thin,fine,592
Hindi,thin,pətlaː,595
Portuguese,thin,finu,592
Dutch,thin,dʉn,601
Swedish,thin,tunː,601
Spanish,thin,sutil,598
Danish,thin,smalˀ,596
Romanian,thin,fin,592
Norwegian,thin,smɑːl,596
Italian,thin,sottile,598
Portuguese,thin,dɛlgadu,593
Dutch,wind,ʋɪnt,602
Swedish,wind,vind,602
English,wind,ʋɪnd,602
German,wind,vɪnt,602
Spanish,wind,bjento,602
Danish,wind,venˀ,602
Bulgarian,wind,vʲatər,602
Greek,wind,anemos,603
Romanian,wind,vɨnt,602
Russian,wind,vʲetʲɪr,602
Polish,wind,vʲatr,602
Norwegian,wind,ʋin,602
French,wind,vɑ̃,602
Icelandic,wind,vɪntʏr,602
Italian,wind,vɛnto,602
Portuguese,wind,vẽtu,602
Dutch,worm,ʋɔrm,607
Swedish,worm,masːk,606
English,worm,ʋɜːrm,607
German,worm,vʊrm,607
Spanish,worm,berme,607
Danish,worm,oʁˀm,607
Bulgarian,worm,ʧɛrvɛj,608
Greek,worm,skulici,605
Romanian,worm,vjerme,607
Russian,worm,ʧerfʲ,608
Polish,worm,ʧɛrf,608
Norwegian,worm,mɑɾk,606
French,worm,vɛʁ,607
Czech,worm,ʧɛrf,608
Icelandic,worm,ɔrmʏr,607
Italian,worm,vɛrme,607
Hindi,worm,kiːɽaː,?
Portuguese,worm,vɛrmə,607
Dutch,worm,maːdə,606
Icelandic,worm,maθkʏr,606
Dutch,year,jaːr,614
Swedish,year,oːr,614
English,year,jɪər,614
German,year,jaːr,614
Spanish,year,aɲo,611
Danish,year,ɒˀʁ,614
Bulgarian,year,ɡodinə,615
Greek,year,etos,613
Armenian,year,tɑɾi,?
Romanian,year,an,611
Russian,year,ɡot,615
Polish,year,rɔk,612
Norwegian,year,oːɾ,614
French,year,ɑ̃,611
Czech,year,rok,612
Icelandic,year,auːr,614
Italian,year,anno,611
Hindi,year,bərəs,609
Portuguese,year,ɐnu,611
